{
    "learning_rate": 0.0014015504350657411,
    "dropout": 0.4844477379586345,
    "freeze_layers": true,
    "weight_decay": 1.950165804883584e-05,
    "batch_size": 32,
    "epochs": 10,
    "early_stopping_patience": 3
}